[
    {
        "id": "a0d432f4-0e31-41f0-ba47-f4b10589beee",
        "slug": "licensed-fresh soap",
        "name": "Licensed Fresh Soap",
        "shortDescription": "Aut nobis ipsum ut minus architecto itaque.",
        "description": "Laboriosam et deserunt reiciendis eos. Commodi animi amet. Dolore voluptas sint deserunt dolorem nisi consequatur laboriosam. Delectus consectetur totam et soluta earum dolor saepe odit id. Officiis omnis et aliquam reiciendis qui autem architecto mollitia recusandae.\n \rReiciendis voluptatem molestiae temporibus animi nisi voluptatem aut aut perferendis. Incidunt eos consequatur explicabo quaerat ea fuga sed magnam dolores. Reprehenderit non quibusdam et esse. Repudiandae quo qui inventore rerum earum aperiam quod aspernatur.\n \rInventore nemo sunt laboriosam ut consequatur rerum non dolorum. Quia dolor provident illum aut. Dolor suscipit ipsam non. Est labore est quibusdam et doloremque ducimus. Ut sequi placeat qui odio delectus nisi culpa ab. Qui mollitia deserunt asperiores iure.",
        "price": 77,
        "image": "http://lorempixel.com/640/480/sports"
    },
    {
        "id": "f3411565-aa4f-43c5-98f5-692579885610",
        "slug": "awesome-soft gloves",
        "name": "Awesome Soft Gloves",
        "shortDescription": "Sit autem aut dolorum ipsam quam.",
        "description": "Qui modi asperiores magnam. Ea officiis corrupti aut at minus voluptatem quia adipisci. Nam assumenda qui eos sit sequi tenetur omnis fugiat. Dolor eaque possimus non ut quod atque. Vero architecto nihil numquam.\n \rPorro amet nisi sint cupiditate rerum assumenda voluptates natus nihil. Cum delectus enim odit quidem nihil sit modi. Assumenda quia asperiores. Repellendus assumenda suscipit expedita sed.\n \rEt commodi facilis et quo itaque tempore eum. Est quam dolorem. Tenetur mollitia tempora et in dolorum. Saepe corporis voluptatibus natus illum. Omnis repellendus doloremque voluptas amet ut suscipit consectetur.",
        "price": 57,
        "image": "http://lorempixel.com/640/480/sports"
    },
    {
        "id": "99ef7b32-af7c-40b3-aa15-2bf973e36980",
        "slug": "handcrafted-fresh sausages",
        "name": "Handcrafted Fresh Sausages",
        "shortDescription": "Qui expedita aperiam labore sunt sed omnis.",
        "description": "Labore iure libero labore et deserunt iste qui veritatis distinctio. Iusto recusandae qui. Et repellendus laudantium unde pariatur facilis sed non debitis in. Qui voluptas maiores ut corrupti natus.\n \rEveniet nihil et amet molestiae fugiat architecto qui omnis sint. Incidunt eveniet rerum rem perferendis. Ducimus alias aut ut veniam cumque. Veniam eaque eos aperiam facilis beatae qui nesciunt. Quaerat omnis aliquam qui explicabo quia eius aliquid voluptas velit.\n \rDelectus alias qui. Aut eum ea velit dolorem fugiat libero inventore nam. Earum laborum sequi velit qui repellat exercitationem cumque. Ullam qui et.",
        "price": 54.1,
        "image": "http://lorempixel.com/640/480/sports"
    },
    {
        "id": "98ae1466-926e-4958-ae6a-1a0371a20567",
        "slug": "practical-concrete towels",
        "name": "Practical Concrete Towels",
        "shortDescription": "Aut laborum voluptatibus accusamus rerum ut nam.",
        "description": "Autem rerum aspernatur et praesentium quas et deleniti. Quibusdam eveniet consequuntur eos ut voluptatem rerum temporibus aut. Quam ducimus et id ducimus temporibus facere reprehenderit. Rerum vel hic cupiditate sint vel amet. Sit inventore animi. Rem ipsam exercitationem vero.\n \rMinus earum ea enim hic laboriosam eum. Autem suscipit dolorem non reprehenderit quae. Nam eligendi dicta perferendis qui ut et. Voluptate at quis rerum at qui id eos laudantium.\n \rDolores voluptatem ducimus. Repellendus non ex perferendis magni neque provident. Quam beatae quos veniam voluptatum odio doloribus ut eligendi amet. Inventore et facere voluptatem iure nam sunt delectus fugiat. Illum illum nihil impedit esse doloribus.",
        "price": 81.7,
        "image": "http://lorempixel.com/640/480/sports"
    },
    {
        "id": "fc65ce21-ddc2-40df-9b8c-5fe04d2b4081",
        "slug": "rustic-fresh hat",
        "name": "Rustic Fresh Hat",
        "shortDescription": "Aspernatur soluta est explicabo.",
        "description": "Nobis dolores vero. Non explicabo nihil placeat et provident ut. Ullam qui delectus aliquid possimus qui ad sed alias.\n \rAutem ut reprehenderit impedit eum minima recusandae doloremque. In illo laudantium illo voluptatibus non quia quia animi. Eum non maiores.\n \rAutem corporis aut officia tempora quas. Dolores ex nihil animi. Nesciunt deserunt placeat quibusdam rerum at porro.",
        "price": 25,
        "image": "http://lorempixel.com/640/480/sports"
    },
    {
        "id": "77134034-1e9b-440c-8c7b-a5acabbfc69e",
        "slug": "fantastic-cotton cheese",
        "name": "Fantastic Cotton Cheese",
        "shortDescription": "Aperiam consequatur eos sed non est ducimus neque eveniet rem.",
        "description": "Repudiandae quidem aut consequatur suscipit molestias praesentium debitis. Maiores accusantium pariatur distinctio voluptatem omnis voluptatibus dolor vel. Maiores iusto vitae possimus non odit omnis.\n \rLibero fugiat sed consequatur. Asperiores neque labore molestiae recusandae alias nulla. Nihil fuga necessitatibus omnis ex quod sunt ratione ut adipisci. Odio ut ex et ex error voluptas. Fugit ut laborum facilis omnis et.\n \rExcepturi hic aut quidem earum nemo nam. Sit sit nobis beatae sunt et dolor aut itaque. Soluta tenetur fuga ut aut. Quis repellendus rerum optio cumque quibusdam autem dicta.",
        "price": 60.4,
        "image": "http://lorempixel.com/640/480/sports"
    },
    {
        "id": "a3102663-bad5-427d-b942-d2a09acb0cb9",
        "slug": "sleek-soft computer",
        "name": "Sleek Soft Computer",
        "shortDescription": "Vitae incidunt id.",
        "description": "Sed alias fugiat. Maiores aut ut voluptatem error. Ut inventore veniam enim tempore voluptatem omnis est ducimus sequi. Autem assumenda veniam quidem aut aspernatur incidunt sint quod. Aut ullam sed totam enim quod perspiciatis consequatur. Quia beatae non mollitia.\n \rVoluptas numquam at necessitatibus enim hic magni qui neque. Velit impedit dolor commodi nisi rerum ex. Consequatur odio possimus non doloremque nihil possimus id. Vero animi sint sed adipisci in. Aperiam vitae qui dicta temporibus veritatis.\n \rOccaecati quibusdam id excepturi consequuntur doloremque sunt libero. Et quidem facilis modi qui nesciunt exercitationem placeat. Fugiat reprehenderit voluptas error ipsum omnis laborum. Asperiores omnis quasi consequatur vero.",
        "price": 40.9,
        "image": "http://lorempixel.com/640/480/sports"
    },
    {
        "id": "c8fedeef-ee7b-4d97-8fe7-0d1f31608502",
        "slug": "tasty-wooden shoes",
        "name": "Tasty Wooden Shoes",
        "shortDescription": "Ea qui aut quos ducimus sint molestiae explicabo.",
        "description": "Ut eligendi animi saepe nulla ut qui ratione quo. Et deleniti et explicabo quos fugit maxime alias. Illo quaerat aliquam officiis nisi rem quo.\n \rEsse alias voluptate non quas aliquam eveniet. Cupiditate repellendus laudantium quibusdam quis alias eligendi consequatur eveniet voluptate. Aut quo quis officiis repellendus quia. In et eum nemo amet perferendis expedita.\n \rSit voluptatem ipsum eveniet. Sequi occaecati facilis voluptates velit perspiciatis et accusantium in. Laborum dolorem ut saepe sit. Eligendi voluptas voluptas.",
        "price": 72.6,
        "image": "http://lorempixel.com/640/480/sports"
    },
    {
        "id": "8a169dc0-5bd9-4ff5-b240-eb58251264eb",
        "slug": "generic-wooden bacon",
        "name": "Generic Wooden Bacon",
        "shortDescription": "Molestiae tenetur ipsum animi rem ab accusantium consequatur aut.",
        "description": "Voluptas tenetur ratione enim repellat harum nobis delectus in ut. Aut sit est officiis porro dicta. Sit incidunt quas voluptatem.\n \rOfficiis quam quaerat in rem iure. Perspiciatis qui qui fuga voluptatum est dolor minima. Id veniam est odit natus. Dolor tempore nihil unde quia sit ab dignissimos eaque alias. Nobis sed ut. Animi omnis explicabo quaerat repellendus tempore ut maiores.\n \rEt magnam consequuntur natus sunt ipsum et. Omnis explicabo sequi assumenda animi fugiat rerum. Aut vero quis hic tempore porro blanditiis atque in itaque. Enim inventore est sint voluptatum est est. Velit minima adipisci odio ut repellat quisquam dicta. Dolores cupiditate aliquam harum ipsum debitis doloremque est explicabo.",
        "price": 10.2,
        "image": "http://lorempixel.com/640/480/sports"
    },
    {
        "id": "1bd050e8-b923-4f08-9056-f60c80ffb86a",
        "slug": "intelligent-metal soap",
        "name": "Intelligent Metal Soap",
        "shortDescription": "Esse totam sed consequatur.",
        "description": "Nihil est saepe quaerat sed sequi sint repellat. Aut a ipsa nihil aut. Nulla aut fugit facere. Quis unde ut temporibus laudantium hic. Ipsam ea blanditiis.\n \rTempore itaque sunt vero quo quasi vero molestiae. Vel quam at ut ea. Impedit et modi et eum facere iure nobis nobis in.\n \rProvident quam illum sapiente vitae ratione sequi. Provident repellendus maxime. Maxime et quis maxime voluptate corporis rerum in ut. Sunt tempore voluptatem tempora consectetur ipsam alias ipsam nostrum.",
        "price": 19.2,
        "image": "http://lorempixel.com/640/480/sports"
    },
    {
        "id": "799e4834-fba2-4f4b-ba6d-acad05b08a87",
        "slug": "small-plastic fish",
        "name": "Small Plastic Fish",
        "shortDescription": "Totam sint laudantium architecto est provident in.",
        "description": "Voluptatem aut praesentium atque alias corporis odit enim iusto error. Sit nemo nihil. Laudantium quae praesentium quae laboriosam ab. Inventore aliquam eius ex blanditiis non similique eos. Tempore quia a aut totam non aliquam quia.\n \rIpsum nihil id esse distinctio dolorem et. Voluptatibus officiis sed est non est. Aut est autem hic repellendus.\n \rVelit ducimus natus sed earum. Earum est ea at nulla adipisci. Amet nisi aspernatur commodi autem ut non ipsum aliquam.",
        "price": 73.3,
        "image": "http://lorempixel.com/640/480/sports"
    },
    {
        "id": "ec7638c2-6050-4c02-9b0f-8730a7b40871",
        "slug": "incredible-granite ball",
        "name": "Incredible Granite Ball",
        "shortDescription": "Eveniet nesciunt nemo impedit modi aut minima iure.",
        "description": "Ab amet sed. Quia ipsum deleniti assumenda itaque exercitationem qui voluptates. Enim molestiae illum suscipit sed molestiae sed amet voluptas.\n \rVoluptas eligendi dolores. Voluptas et quia. Id voluptatibus temporibus deserunt. Reiciendis recusandae similique magni et rem ut.\n \rEst rem vel et consectetur. Quasi magnam necessitatibus corporis esse doloremque aut est velit. Aut ea aut eos harum officiis.",
        "price": 56,
        "image": "http://lorempixel.com/640/480/sports"
    },
    {
        "id": "9a5886eb-7464-4c0b-bedb-4439b0a40459",
        "slug": "tasty-concrete hat",
        "name": "Tasty Concrete Hat",
        "shortDescription": "Explicabo magni ipsum voluptas et ad asperiores et voluptas maxime.",
        "description": "Aut ipsum occaecati tempore tenetur cupiditate ut. Aspernatur neque rerum quia quas nemo consectetur soluta. Laborum aut dolores. Harum dolor neque itaque et error sed.\n \rNisi nostrum quibusdam. Ut fugit ipsa sed iusto voluptatem reiciendis qui. Aliquid odit nulla. Aliquam est qui molestiae velit iste aliquid. Ipsam aut voluptate modi quidem quia fugit minus. Odio facere dolores sunt asperiores iure ipsa delectus aut.\n \rNihil nobis ut maxime nam eum itaque eius mollitia. Pariatur asperiores magnam cupiditate qui eum perspiciatis nobis placeat. Sint perspiciatis dicta vitae cumque commodi ut commodi corporis. Quia alias blanditiis rerum dolores omnis illo magnam dignissimos incidunt.",
        "price": 98.1,
        "image": "http://lorempixel.com/640/480/sports"
    },
    {
        "id": "bf543c08-94a4-4155-a01e-ffb1d620b9a3",
        "slug": "generic-plastic pants",
        "name": "Generic Plastic Pants",
        "shortDescription": "Sapiente non dolor modi at libero et eveniet asperiores.",
        "description": "Odit maxime distinctio deleniti cupiditate molestiae. Dolores repellat reprehenderit deleniti. Magnam autem sit molestias aspernatur molestiae consequatur id totam. Laboriosam dignissimos a maxime dolores vel rem.\n \rQuis est omnis corporis eum quam. Quisquam doloremque quod sapiente natus quidem eos quis ipsam rerum. Eos provident ut molestias. Atque inventore facilis non eveniet qui et culpa a. Odio ut soluta et. Accusamus nesciunt assumenda corporis dignissimos dolore ipsa facilis eius.\n \rSint eos consequatur labore temporibus beatae quisquam. Officia sit qui dolorem culpa ullam sit esse perspiciatis. Repellat exercitationem et et doloremque quo et aliquid sed ut. Dolores qui laborum. Non dolor fuga voluptatum in quaerat facilis.",
        "price": 21.3,
        "image": "http://lorempixel.com/640/480/sports"
    },
    {
        "id": "80314248-05fb-40b0-980b-1fa5beab5286",
        "slug": "small-frozen shoes",
        "name": "Small Frozen Shoes",
        "shortDescription": "Mollitia accusantium sapiente dolores commodi dignissimos maiores facilis aut.",
        "description": "Facere modi rerum explicabo voluptas. Aut facere minus eligendi quae distinctio. Nihil velit quia voluptatem aliquam maxime.\n \rUt distinctio dolorem quis quisquam. Soluta impedit aut pariatur tenetur aut consequatur. Laboriosam iusto cumque delectus qui impedit.\n \rQuaerat cumque reprehenderit exercitationem voluptates illum quam excepturi dolorem quis. Eveniet impedit libero unde velit iste. Qui error consequuntur quis aut exercitationem voluptatum sunt.",
        "price": 56.7,
        "image": "http://lorempixel.com/640/480/sports"
    },
    {
        "id": "4fe979a5-b33b-43bc-9ca5-c771a3b39f81",
        "slug": "handmade-soft chips",
        "name": "Handmade Soft Chips",
        "shortDescription": "Dolore laborum et cupiditate temporibus.",
        "description": "Accusantium ea accusamus officia reiciendis sit rerum quo officiis impedit. Labore molestiae consequatur excepturi excepturi quisquam necessitatibus sit dicta. Quae doloribus in ab. Ex quo sint. Facilis voluptatem dolor cupiditate saepe. Nam nam aspernatur beatae occaecati exercitationem enim in omnis.\n \rUt distinctio voluptas quam quae enim. Vitae culpa natus qui voluptatem reiciendis totam beatae. Sit dolore asperiores nemo et nihil repellendus. Quia consequatur beatae magnam consequatur quam soluta et ipsum accusamus. Sint cumque quia qui quisquam et. Quidem sit dolor officiis animi quidem.\n \rId veniam corporis ex. Placeat quia quia. Voluptatum autem facere placeat et architecto deleniti vitae et omnis. Voluptatibus autem dicta delectus eaque et debitis recusandae ullam cupiditate.",
        "price": 69.2,
        "image": "http://lorempixel.com/640/480/sports"
    },
    {
        "id": "d0a142f2-e7f6-479f-ba66-496e51d1aaca",
        "slug": "ergonomic-cotton mouse",
        "name": "Ergonomic Cotton Mouse",
        "shortDescription": "Omnis perferendis ut inventore voluptas aspernatur autem occaecati eligendi dolorem.",
        "description": "Ipsum et reprehenderit laudantium neque. Qui ut voluptas aut illo impedit. Ullam cum minima ipsam voluptatum corporis. Temporibus dolor deserunt fuga ut repellat quia est.\n \rOdio aspernatur eaque dolor molestiae labore pariatur nesciunt et ullam. Commodi illum nulla. Laudantium soluta sed et voluptas ut. In explicabo aut reprehenderit.\n \rId nam id quod autem doloribus expedita. Blanditiis quas est sunt amet necessitatibus veritatis quis iusto sit. Eveniet et et. Libero occaecati sit fugiat rerum non eligendi. Qui nulla dolores sequi aut quas ut.",
        "price": 20.7,
        "image": "http://lorempixel.com/640/480/sports"
    },
    {
        "id": "d77cdf5e-f15d-4a0b-81ab-187f282e8e46",
        "slug": "refined-steel table",
        "name": "Refined Steel Table",
        "shortDescription": "Ea impedit voluptate non fuga aliquid deleniti aut nihil.",
        "description": "Eum voluptate consectetur sed qui rerum nulla fugiat porro. Corporis quos ad laboriosam unde doloremque autem quasi autem minus. Laudantium voluptatum ipsum voluptatem dolorum doloribus aut. Sunt aut quas nemo incidunt alias.\n \rSoluta tempora voluptas ipsum molestiae amet magni id ut. Iusto quis nihil commodi et. Nihil suscipit non. Inventore ea est.\n \rConsequatur fuga et non dolores exercitationem voluptas minima. Rerum doloremque dolores est impedit quia. Animi consequuntur ipsam distinctio nesciunt est.",
        "price": 42.5,
        "image": "http://lorempixel.com/640/480/sports"
    },
    {
        "id": "e8845e4a-ba67-406e-ba79-41148e9c1fe1",
        "slug": "incredible-metal soap",
        "name": "Incredible Metal Soap",
        "shortDescription": "Tempora est in maiores possimus.",
        "description": "Saepe totam est velit ut quos omnis error. Doloribus soluta aliquam aut est. Vel deserunt voluptatem temporibus dolorum dolores ea occaecati. Perspiciatis officiis suscipit voluptate earum eligendi facere. Libero fugiat perspiciatis alias facere eum voluptatum quasi alias. Tempore sunt veniam qui recusandae ab consequuntur vel placeat qui.\n \rAsperiores ab rerum possimus officia repellendus exercitationem atque sed aliquid. Eum quod iste dolor labore mollitia explicabo. Repudiandae molestias commodi animi maxime non minima. Minima veniam architecto doloribus laudantium. Perferendis sunt veniam quibusdam dolores aut quis ipsum ipsa. Corporis sit harum porro molestias facere porro.\n \rEt esse placeat rerum id. Officiis et suscipit tenetur nisi itaque illo voluptas sequi consectetur. Numquam soluta nihil consequatur sit laudantium et in reprehenderit cupiditate. Consequatur nihil quod iste consequatur rerum.",
        "price": 43.6,
        "image": "http://lorempixel.com/640/480/sports"
    },
    {
        "id": "cb4c3b81-7b48-4f79-a712-a089c60edfdd",
        "slug": "tasty-fresh shoes",
        "name": "Tasty Fresh Shoes",
        "shortDescription": "Dicta minus unde et a.",
        "description": "Maiores praesentium ex quas corporis sed aperiam consequatur a. Quo culpa dicta assumenda. Ut possimus nihil laboriosam ad. Occaecati aut ea. Totam dolor qui velit iusto et corrupti sit ut.\n \rVeniam ea id dolores nisi quia porro hic deserunt ducimus. Laboriosam sed error occaecati qui aut aut pariatur accusantium accusamus. Ea fugiat provident tenetur eum id est fugiat. Recusandae odit beatae. Ut minima quia dolorem magnam sit eaque qui.\n \rAut est enim et et. Aliquam autem cumque eum qui. Ratione accusamus est voluptatem enim. Eius nam iste modi alias placeat beatae necessitatibus beatae.",
        "price": 72.9,
        "image": "http://lorempixel.com/640/480/sports"
    },
    {
        "id": "5292d31a-4156-446c-865d-eb82d5c12edd",
        "slug": "incredible-steel bike",
        "name": "Incredible Steel Bike",
        "shortDescription": "Maiores quia a esse inventore molestiae dolorum magnam esse.",
        "description": "Aut est nihil autem qui explicabo laborum. Consectetur odit quisquam eum doloremque. Magni quasi earum ad veritatis vero ea vero. Repellat dolor sed aut et voluptatibus tenetur voluptatum.\n \rVoluptates sequi ut maxime enim. Facilis voluptatem maxime. Saepe vel magnam delectus. Voluptas repellendus tenetur quam qui officiis ut rerum placeat. Voluptates quo repellat vel est. Praesentium porro nesciunt odit sit repudiandae sint aperiam animi quidem.\n \rNisi non pariatur quos debitis ducimus. Sint ut voluptas recusandae. Nostrum consequuntur ad est est. Ipsa voluptatem cupiditate fugit vel consequatur inventore.",
        "price": 58.3,
        "image": "http://lorempixel.com/640/480/sports"
    },
    {
        "id": "44b227d8-4084-415d-8982-eb57ffa96292",
        "slug": "fantastic-granite mouse",
        "name": "Fantastic Granite Mouse",
        "shortDescription": "Voluptatem dolor sed possimus.",
        "description": "Quae sunt facere et et aut sit temporibus voluptatem. Earum architecto molestias. Doloremque eius nulla.\n \rNam quia velit facilis iste at. Dolores natus odio magni libero enim possimus minima aut. Voluptatum est dolorem sed quisquam et.\n \rNostrum et numquam perspiciatis provident. Eum earum quis autem dolorem laudantium quis voluptas architecto voluptatem. Minima vel dignissimos. Eveniet voluptatem molestiae amet reprehenderit est. Voluptatem quae alias repudiandae.",
        "price": 65.8,
        "image": "http://lorempixel.com/640/480/sports"
    },
    {
        "id": "adfea7b5-6488-468f-9dd5-8153447af920",
        "slug": "incredible-rubber towels",
        "name": "Incredible Rubber Towels",
        "shortDescription": "Voluptatibus unde sed cum sint voluptas voluptatum.",
        "description": "Dolorem sunt ad. Fugiat ut nulla minus et. Illo omnis qui explicabo quasi a.\n \rReprehenderit molestiae ut possimus eum voluptatem rerum esse. Praesentium id sapiente incidunt eius dolorem ut aut iste recusandae. Ipsa temporibus perspiciatis tenetur veritatis.\n \rEt dignissimos odit. Recusandae fuga quia libero placeat tempore nemo sit numquam. Id similique illo quia quod delectus. Necessitatibus nam non non ex qui fuga culpa.",
        "price": 39.6,
        "image": "http://lorempixel.com/640/480/sports"
    },
    {
        "id": "fffa4aeb-c394-4a73-bed8-d833b6605b71",
        "slug": "rustic-cotton gloves",
        "name": "Rustic Cotton Gloves",
        "shortDescription": "Molestiae et necessitatibus labore sed sit asperiores aut in.",
        "description": "Deserunt beatae quia veritatis. Voluptas nostrum facilis. Impedit et animi a id omnis sequi voluptatem minima. Autem eos ducimus dolorem nostrum vero qui. Alias ut qui non maxime ea non.\n \rMollitia temporibus rem repellat vel eveniet cumque libero debitis. Distinctio dolore et natus. Quidem at maxime nemo incidunt quas. Accusamus dignissimos voluptatibus dolore. Et mollitia dolorem. Corporis quo quo mollitia architecto sunt illum molestiae id quisquam.\n \rSuscipit aliquid adipisci. Amet ad perferendis et minima sint. Nemo veritatis illum corporis natus vel.",
        "price": 98,
        "image": "http://lorempixel.com/640/480/sports"
    },
    {
        "id": "db81506e-957f-4267-9adc-5df42845b316",
        "slug": "awesome-frozen pants",
        "name": "Awesome Frozen Pants",
        "shortDescription": "Nesciunt vel quam aut.",
        "description": "Aut consequatur libero voluptates quibusdam. Doloremque omnis odio reiciendis deleniti recusandae culpa eius. Qui minima ut aut maxime facere necessitatibus recusandae voluptatem.\n \rEum assumenda qui enim. Quaerat animi nam esse. Sint earum excepturi laboriosam. Illum dolorem officiis ex et facilis veritatis id. Ratione et nemo consequatur. Veritatis alias nulla possimus consectetur est aspernatur sit dolore quod.\n \rAd libero ea ratione voluptas nostrum excepturi. Et et dicta eos hic doloribus eum. Voluptas qui vel dolorum velit neque architecto itaque minima consequatur. Dolor officia optio aliquid nisi et. Minus corporis quisquam magnam. Nam ratione ut.",
        "price": 64.8,
        "image": "http://lorempixel.com/640/480/sports"
    },
    {
        "id": "f39c1bb3-2a6f-4f69-ae6d-6554a6b30f90",
        "slug": "generic-wooden chair",
        "name": "Generic Wooden Chair",
        "shortDescription": "Aliquid laudantium recusandae fugiat perferendis fuga atque recusandae id.",
        "description": "Iste culpa dolor ullam quos error tenetur aut voluptates est. Cum repudiandae porro accusantium pariatur excepturi dolores. Et temporibus libero voluptatem. Illo autem aut id. Aut sapiente quia sit.\n \rMolestiae quaerat sunt molestiae enim expedita. Ipsam sunt qui animi quia eius atque ad. Eum repellat eum blanditiis in.\n \rMollitia ut culpa qui. Doloremque non vero vel. Quia nam similique quidem omnis nihil provident. Repellendus deleniti temporibus et dolor magnam similique debitis. Voluptate et ut et delectus quia est. Molestiae quia at totam accusantium sed.",
        "price": 91.6,
        "image": "http://lorempixel.com/640/480/sports"
    },
    {
        "id": "6d0145e5-3af1-4a37-82ea-1e59c2d0c07d",
        "slug": "generic-rubber keyboard",
        "name": "Generic Rubber Keyboard",
        "shortDescription": "Sunt quidem ab ad ratione dolores pariatur ipsum.",
        "description": "Architecto et quia deserunt iure delectus magni accusantium fuga sed. Reprehenderit dolores labore totam tempore. Quae cum corrupti voluptatibus voluptas qui dignissimos odio qui vel. Et quam facilis eligendi repellendus ratione inventore.\n \rEnim aliquam fuga laborum. Expedita atque eius aut dicta velit ab optio aliquid. Ipsa rerum repudiandae quibusdam enim omnis. Voluptas est sed ut sunt architecto. Consequatur laboriosam reiciendis accusantium adipisci ut veniam. Minima in sed dolor est ab cumque eos laboriosam.\n \rAlias praesentium et possimus cum dolor. Rem ea et vel voluptatum vitae sunt omnis. Qui expedita rerum quia in quisquam et qui.",
        "price": 23.2,
        "image": "http://lorempixel.com/640/480/sports"
    },
    {
        "id": "c201901b-ed61-4464-b599-4b03bbf65b86",
        "slug": "fantastic-steel bike",
        "name": "Fantastic Steel Bike",
        "shortDescription": "Incidunt totam reprehenderit vel nulla et.",
        "description": "Deleniti et nihil in cum voluptatem rem et voluptatem. Aut est numquam consequuntur debitis dolorem nobis. Ullam dolorem et soluta ut. Voluptatem est exercitationem eius minus voluptas hic atque.\n \rEt dolor in et provident repellendus soluta eum consequatur. Animi eum fugit maiores voluptatibus qui quo et alias voluptatem. Aut corporis sequi quo ex aperiam quidem. Exercitationem consectetur asperiores hic laudantium explicabo adipisci assumenda voluptates eius. Sint aut vero modi vero tempora.\n \rRepudiandae quo aut. Rem impedit eligendi ab similique. Iste quod assumenda dolorum quo adipisci. Qui voluptas ducimus sunt ipsam.",
        "price": 37.4,
        "image": "http://lorempixel.com/640/480/sports"
    },
    {
        "id": "629c9d03-1901-4744-8ef1-416b1a047dc5",
        "slug": "generic-rubber shoes",
        "name": "Generic Rubber Shoes",
        "shortDescription": "Voluptas suscipit maiores corrupti maxime.",
        "description": "Possimus sit consectetur modi molestiae ut accusantium est. Autem ea velit rerum exercitationem voluptate quasi laudantium nihil. Quia fuga in et in accusamus suscipit ut facere odit. Aut nihil dignissimos sunt qui. Sit illo et vel cumque. Quidem ducimus delectus voluptas.\n \rFacilis culpa in vitae a ducimus quis ut. Praesentium debitis veritatis ullam rerum minus illo. Impedit impedit quia et esse numquam. Est suscipit culpa earum qui modi. Ullam quas eveniet veniam eligendi omnis id veniam. Harum aut mollitia recusandae nam dicta accusantium dicta.\n \rTempora reprehenderit earum ipsa soluta. Et et quia velit cumque praesentium corrupti odit suscipit illum. Id maxime ut et libero nobis. Distinctio et sed laudantium beatae possimus dolore. Repudiandae ipsam velit praesentium omnis iure quod consequuntur voluptatem. At laudantium quo fugit quis placeat perspiciatis id.",
        "price": 76.7,
        "image": "http://lorempixel.com/640/480/sports"
    },
    {
        "id": "facd70d1-9ace-4116-8ce7-16e9d9b7a612",
        "slug": "licensed-wooden soap",
        "name": "Licensed Wooden Soap",
        "shortDescription": "Nemo aut harum id sequi velit consequatur.",
        "description": "Eum quia et enim totam sint dolor eveniet vel eum. Excepturi magni qui possimus deserunt doloremque sit. Voluptas ut quo excepturi in.\n \rCum et laboriosam amet est. Reiciendis nostrum modi atque reiciendis rerum dolores nulla. Inventore labore necessitatibus impedit maxime.\n \rVoluptatem distinctio omnis officia tempore autem sapiente. Et ut occaecati quidem quidem eos esse. Veritatis fuga et enim magni cupiditate sequi delectus consequatur. Debitis blanditiis nisi est cumque qui vitae. Sit maiores et aperiam nihil explicabo nihil.",
        "price": 12.2,
        "image": "http://lorempixel.com/640/480/sports"
    },
    {
        "id": "a0033da7-f81b-4d82-9835-ff93fcbc243e",
        "slug": "rustic-granite car",
        "name": "Rustic Granite Car",
        "shortDescription": "Voluptatibus error quia cum tenetur consequatur ab quibusdam voluptates voluptatibus.",
        "description": "Aut facere ipsa quia sequi temporibus iste consequatur aliquid quo. Dolores doloremque velit at dolore necessitatibus perferendis. Ut necessitatibus tempore commodi possimus sapiente.\n \rDolores mollitia suscipit facere. Possimus dolores odio. Modi iusto voluptas voluptatibus. Expedita sit aut ipsum dolor consequatur molestiae autem quis quia. Quo sint qui. Sit error quo amet.\n \rEligendi accusantium ea amet repudiandae inventore placeat. Laboriosam repellat excepturi accusamus necessitatibus mollitia ipsam. Voluptates dolorem sunt est est eveniet accusamus. Perspiciatis ullam magni quis est sequi.",
        "price": 34.6,
        "image": "http://lorempixel.com/640/480/sports"
    },
    {
        "id": "688e0fe7-01ad-4d6c-93ce-ceba6efd3d2c",
        "slug": "licensed-cotton gloves",
        "name": "Licensed Cotton Gloves",
        "shortDescription": "Molestias velit qui aut cupiditate.",
        "description": "Itaque voluptatem quia temporibus nobis explicabo eveniet est omnis id. Ratione qui omnis aut enim minima veritatis. Distinctio non cupiditate et similique architecto.\n \rDoloremque incidunt nostrum itaque illum animi doloremque. Harum debitis voluptas est quasi necessitatibus. Modi dicta beatae voluptates. Veniam temporibus asperiores voluptatum provident illo.\n \rDignissimos officiis illo suscipit earum est placeat qui doloremque. Consequatur vero aliquam dolorum quam dolor corporis aliquid est accusantium. Eos omnis ea ut sint quidem voluptatem quo. Et eius rerum odit.",
        "price": 90.6,
        "image": "http://lorempixel.com/640/480/sports"
    },
    {
        "id": "198a6166-6f19-4de1-bb05-c034fc0d9c54",
        "slug": "generic-fresh sausages",
        "name": "Generic Fresh Sausages",
        "shortDescription": "Officiis incidunt molestiae laboriosam unde.",
        "description": "Occaecati ipsam fugit autem maxime voluptatem. Qui aspernatur voluptas est minima. Ut et mollitia dolor quisquam rem dolor quia. Velit neque laudantium totam sed temporibus reprehenderit doloribus dolores.\n \rEst alias tenetur sed quis blanditiis qui est. Velit hic non. Odio quia et omnis aut.\n \rUnde sed ea perspiciatis ad aut. Cupiditate dicta aut expedita autem est velit est. Natus voluptas consequuntur et totam. Voluptatem vel consequuntur iste aut distinctio quasi. Doloribus adipisci nam id dolore.",
        "price": 95.4,
        "image": "http://lorempixel.com/640/480/sports"
    },
    {
        "id": "3a6d6cf4-504f-42f5-8f86-b8894f82fd75",
        "slug": "fantastic-frozen bike",
        "name": "Fantastic Frozen Bike",
        "shortDescription": "Doloribus ut odio perspiciatis.",
        "description": "Et itaque eius aut doloribus incidunt necessitatibus. Sunt nesciunt consequatur. Id voluptatem dolorem impedit. Sed qui magnam qui quia commodi. Architecto voluptatum autem.\n \rAutem nemo ab. Rerum odio autem cupiditate officiis. Nihil quo adipisci provident quo consequatur libero fuga. Fugiat doloribus tempore.\n \rDolore et velit temporibus est molestias consequuntur maiores sint. Molestias id similique. Qui aut illum corrupti.",
        "price": 86.8,
        "image": "http://lorempixel.com/640/480/sports"
    },
    {
        "id": "f9ebf463-b0fe-4749-bb4b-d8564d74b3eb",
        "slug": "small-metal chips",
        "name": "Small Metal Chips",
        "shortDescription": "Ipsum dolorem exercitationem.",
        "description": "Ex fugiat aliquam. Quia quaerat ullam quibusdam qui saepe. Nihil id beatae consequuntur voluptatem eaque est inventore.\n \rDoloribus sint et. Deleniti inventore culpa ullam at non animi quas repellat consequatur. Placeat omnis ad sed aliquid dolorum.\n \rPlaceat aut amet ipsam. Qui consequatur non suscipit veritatis omnis qui occaecati placeat. Possimus incidunt ipsa. Aut excepturi soluta eius debitis non aut ab minus et. Ad odit vero dignissimos ullam soluta est dolores odit. Iusto provident sed.",
        "price": 44.8,
        "image": "http://lorempixel.com/640/480/sports"
    },
    {
        "id": "b241c987-058e-41f4-81fe-1a38d525c3c2",
        "slug": "generic-granite bike",
        "name": "Generic Granite Bike",
        "shortDescription": "Consectetur ut voluptatem.",
        "description": "Unde porro ut voluptatem voluptatem facilis voluptas. Quia nihil eum voluptatibus animi sint iste. Facilis dolorem dolore. Est quis aliquid iusto.\n \rExcepturi sint aspernatur est. Ea est quod aliquam. Tempora dolor odio totam voluptas. Saepe in unde aut eius.\n \rRepellat voluptate enim. Et sapiente eveniet suscipit voluptas a aspernatur tempore. Ut nemo exercitationem tempore autem sint saepe. Aperiam quae odio. Sit aperiam ipsam totam praesentium. Consequatur fugit eveniet eum voluptas voluptate culpa impedit non eum.",
        "price": 61.6,
        "image": "http://lorempixel.com/640/480/sports"
    },
    {
        "id": "04af3135-4bea-458e-85a1-20e14922150b",
        "slug": "intelligent-metal cheese",
        "name": "Intelligent Metal Cheese",
        "shortDescription": "Magnam repudiandae molestias aut sed nam.",
        "description": "Eveniet et architecto natus incidunt quia sed aut adipisci qui. Eum voluptas molestias quam delectus qui recusandae et aut. Incidunt corporis maiores dolorem cupiditate. Enim quo consequuntur.\n \rMagnam beatae laboriosam enim libero numquam voluptas minus. Veniam tempora deserunt et enim inventore eaque voluptatibus. Ratione at omnis omnis dolorem ad.\n \rQui sed animi saepe ut itaque. Similique eveniet voluptates est exercitationem. Neque enim eum fuga. Neque ab veniam aut qui quis.",
        "price": 61.6,
        "image": "http://lorempixel.com/640/480/sports"
    },
    {
        "id": "95b76d33-0fdb-4654-a737-90fc283e00f0",
        "slug": "handcrafted-granite computer",
        "name": "Handcrafted Granite Computer",
        "shortDescription": "Sequi saepe voluptas tenetur.",
        "description": "Nesciunt soluta laborum. Ullam natus a est vel facilis delectus qui quisquam. Voluptates neque voluptatem quasi voluptate neque voluptas necessitatibus.\n \rVel et quibusdam praesentium autem est nisi provident optio. Nam maiores explicabo ullam libero laudantium esse est. Nihil neque possimus tempora ex et. Est aut amet alias. Ipsum labore corporis reiciendis voluptatem. Nam omnis tempora autem omnis est quis commodi.\n \rProvident dolorum cum. Qui doloremque perferendis architecto libero vitae quaerat. Esse non autem perferendis necessitatibus dolores.",
        "price": 58.1,
        "image": "http://lorempixel.com/640/480/sports"
    },
    {
        "id": "fe4d7151-be25-498c-9edd-f488cebfdcdc",
        "slug": "gorgeous-plastic tuna",
        "name": "Gorgeous Plastic Tuna",
        "shortDescription": "Doloribus quis ipsa.",
        "description": "Sit aut et alias sapiente adipisci repellendus atque consectetur. Officia explicabo atque. Architecto ex consequuntur nam velit dolorum quibusdam. Nulla eveniet consequatur corrupti quam voluptas harum eius aut vel. Cupiditate quas accusantium deserunt. Excepturi tempora nihil pariatur excepturi iure.\n \rVoluptate ut optio ducimus cupiditate quisquam dolorem qui facere. Sunt reiciendis fugiat architecto placeat repellendus voluptas debitis quia et. Non dolor et. Totam soluta qui illum consequatur est. Odit veritatis perspiciatis. Veniam tenetur voluptatibus enim tempora.\n \rExplicabo sit eum odit necessitatibus veritatis quidem tempore. Rerum quam quia ut id. Beatae vel aut soluta sed dignissimos aut.",
        "price": 18.9,
        "image": "http://lorempixel.com/640/480/sports"
    },
    {
        "id": "ef0f0874-b79b-4a08-971d-f7ef5c39b757",
        "slug": "handmade-concrete bacon",
        "name": "Handmade Concrete Bacon",
        "shortDescription": "Voluptatibus et nihil repellendus consequatur illum.",
        "description": "Repellat qui commodi fugit optio aut doloremque quam voluptatum. Consectetur facilis recusandae architecto numquam. Quidem veniam temporibus modi eum iure non sint. Magnam dolor ut eos aut iste non. Alias ut perspiciatis numquam qui quisquam distinctio vero error. Nihil ratione sed.\n \rVero est suscipit odio. Recusandae aut vel corporis. Error ut quo est aliquam. Fuga praesentium rerum praesentium qui consequuntur dolores. Consequatur fugiat aliquid dolores non omnis quia est sunt quis.\n \rDistinctio temporibus fugiat quia. Assumenda vitae laborum est fugit enim blanditiis veritatis ad. Delectus perferendis dolores animi. Ipsum porro vero error culpa ea molestiae error nihil consequatur. Vel iste ipsam quas architecto ut dolorem autem neque.",
        "price": 6.4,
        "image": "http://lorempixel.com/640/480/sports"
    }
]